{"cameraMode":{"drawMode":0,"name":"Shaded","section":"Shading Mode"},"sceneLighting":true,"audioPlay":false,"sceneViewState":{"showFog":true,"showMaterialUpdate":true,"showSkybox":true,"showFlares":true,"showImageEffects":true,"showParticleSystems":true},"in2DMode":false,"pivot":{"x":-0.9520092010498047,"y":1.3428773880004883,"z":14.130001068115235},"rotation":{"x":0.3489009737968445,"y":-0.006742129568010569,"z":0.00248995260335505,"w":0.937161922454834},"size":32.80442810058594,"orthographic":false}