{"cameraMode":{"drawMode":0,"name":"Shaded","section":"Shading Mode"},"sceneLighting":true,"audioPlay":false,"sceneViewState":{"showFog":true,"showMaterialUpdate":true,"showSkybox":true,"showFlares":true,"showImageEffects":true,"showParticleSystems":true},"in2DMode":false,"pivot":{"x":54.21297836303711,"y":6.123026371002197,"z":18.257844924926759},"rotation":{"x":-0.006883049383759499,"y":0.9869378805160523,"z":-0.04384702816605568,"w":-0.1549234390258789},"size":4.8394317626953129,"orthographic":false}