{"cameraMode":{"drawMode":0,"name":"Shaded","section":"Shading Mode"},"sceneLighting":true,"audioPlay":false,"sceneViewState":{"showFog":true,"showMaterialUpdate":true,"showSkybox":true,"showFlares":true,"showImageEffects":true,"showParticleSystems":true},"in2DMode":false,"pivot":{"x":43.689998626708987,"y":0.6499999761581421,"z":26.200000762939454},"rotation":{"x":0.20191462337970735,"y":-0.029075630009174348,"z":0.005975799169391394,"w":0.9789795279502869},"size":19.235689163208009,"orthographic":false}